raw_row_number,date,time,location,beat,subject_age,subject_race,subject_sex,department_id,department_name,type,violation,citation_issued,warning_issued,outcome,contraband_found,contraband_drugs,contraband_weapons,search_conducted,search_person,search_vehicle,search_basis,reason_for_stop,vehicle_make,vehicle_year,raw_DriverRace,raw_ReasonForStop,raw_TypeOfMovingViolation,raw_ResultOfStop
11249760,1/1/17,16:13:00,60618,77,NA,black,male,13178,EVANSTON POLICE,vehicular,Moving Violation: Speed,TRUE,FALSE,citation,TRUE,TRUE,FALSE,TRUE,TRUE,TRUE,NA,Moving Violation: Speed,GMC,2007,2,1,1,1
11249776,1/2/17,0:39:00,60619,77,NA,black,male,13178,EVANSTON POLICE,vehicular,Equipment,FALSE,TRUE,warning,NA,NA,NA,FALSE,FALSE,FALSE,NA,Equipment,FORD,2006,2,2,0,3
11249857,1/4/17,1:19:00,60202,78,NA,black,male,13178,EVANSTON POLICE,vehicular,Equipment,FALSE,TRUE,warning,NA,NA,NA,FALSE,FALSE,FALSE,NA,Equipment,CHEV,2000,2,2,0,3
11250071,1/9/17,15:07:00,60626,76,NA,asian/pacific islander,male,13178,EVANSTON POLICE,vehicular,Moving Violation: Seat Belt,TRUE,FALSE,citation,NA,NA,NA,FALSE,FALSE,FALSE,NA,Moving Violation: Seat Belt,AUDI,2011,5,1,3,1
11250146,1/10/17,21:31:00,60202,77,NA,black,male,13178,EVANSTON POLICE,vehicular,Equipment,FALSE,TRUE,warning,NA,NA,NA,FALSE,FALSE,FALSE,NA,Equipment,SATR,1999,2,2,0,3
11250166,1/11/17,7:04:00,60202,74,NA,white,female,13178,EVANSTON POLICE,vehicular,Moving Violation: Other,TRUE,FALSE,citation,NA,NA,NA,FALSE,FALSE,FALSE,NA,Moving Violation: Other,HOND,2011,1,1,6,1
11250170,1/11/17,7:55:00,42729,76,NA,white,female,13178,EVANSTON POLICE,vehicular,Moving Violation: Traffic Sign or Signal,FALSE,TRUE,warning,NA,NA,NA,FALSE,FALSE,FALSE,NA,Moving Violation: Traffic Sign or Signal,FORD,2015,1,1,4,3
11250301,1/13/17,16:01:00,60626,73,NA,black,male,13178,EVANSTON POLICE,vehicular,Moving Violation: Seat Belt,TRUE,FALSE,citation,NA,NA,NA,FALSE,FALSE,FALSE,NA,Moving Violation: Seat Belt,TOYT,2007,2,1,3,1
11250375,1/15/17,12:57:00,60202,73,NA,black,male,13178,EVANSTON POLICE,vehicular,Moving Violation: Other,TRUE,FALSE,citation,NA,NA,NA,FALSE,FALSE,FALSE,NA,Moving Violation: Other,VOLK,2007,2,1,6,1
11250414,1/16/17,8:54:00,60202,71,NA,hispanic,male,13178,EVANSTON POLICE,vehicular,Moving Violation: Other,TRUE,FALSE,citation,NA,NA,NA,FALSE,FALSE,FALSE,NA,Moving Violation: Other,FORD,2004,4,1,6,1
11250430,1/16/17,15:30:00,60076,78,NA,black,female,13178,EVANSTON POLICE,vehicular,Moving Violation: Traffic Sign or Signal,FALSE,TRUE,warning,NA,NA,NA,FALSE,FALSE,FALSE,NA,Moving Violation: Traffic Sign or Signal,LEXS,2004,2,1,4,3
11250433,1/16/17,17:22:00,210,75,NA,white,male,13178,EVANSTON POLICE,vehicular,License Plate/Registration,FALSE,TRUE,warning,NA,NA,NA,FALSE,FALSE,FALSE,NA,License Plate/Registration,TOYT,2001,1,3,0,3
11250523,1/18/17,7:53:00,60646,71,NA,white,female,13178,EVANSTON POLICE,vehicular,Moving Violation: Other,FALSE,TRUE,warning,NA,NA,NA,FALSE,FALSE,FALSE,NA,Moving Violation: Other,NISS,2007,1,1,6,3
11250557,1/18/17,18:16:00,60202,72,NA,white,male,13178,EVANSTON POLICE,vehicular,Moving Violation: Speed,TRUE,FALSE,citation,NA,NA,NA,FALSE,FALSE,FALSE,NA,Moving Violation: Speed,FORD,2016,1,1,1,1
11250583,1/19/17,8:29:00,60077,74,NA,white,male,13178,EVANSTON POLICE,vehicular,Moving Violation: Lane Violation,TRUE,FALSE,citation,NA,NA,NA,FALSE,FALSE,FALSE,NA,Moving Violation: Lane Violation,FORD,1998,1,1,2,1
11250641,1/20/17,8:00:00,60053,74,NA,white,female,13178,EVANSTON POLICE,vehicular,Moving Violation: Speed,TRUE,FALSE,citation,NA,NA,NA,FALSE,FALSE,FALSE,NA,Moving Violation: Speed,NISS,2012,1,1,1,1
11250743,1/23/17,11:08:00,60202,71,NA,black,female,13178,EVANSTON POLICE,vehicular,Moving Violation: Speed,FALSE,TRUE,warning,NA,NA,NA,FALSE,FALSE,FALSE,NA,Moving Violation: Speed,NISS,2015,2,1,1,2
11250795,1/24/17,21:08:00,60076,75,NA,white,female,13178,EVANSTON POLICE,vehicular,Moving Violation: Speed,TRUE,FALSE,citation,NA,NA,NA,FALSE,FALSE,FALSE,NA,Moving Violation: Speed,TOYT,2014,1,1,1,1
11250902,1/27/17,8:13:00,60201,74,NA,hispanic,male,13178,EVANSTON POLICE,vehicular,Moving Violation: Traffic Sign or Signal,TRUE,FALSE,citation,NA,NA,NA,FALSE,FALSE,FALSE,NA,Moving Violation: Traffic Sign or Signal,NISS,2001,4,1,4,1
11250989,1/28/17,18:33:00,60202,77,NA,white,male,13178,EVANSTON POLICE,vehicular,License Plate/Registration,FALSE,TRUE,warning,NA,NA,NA,FALSE,FALSE,FALSE,NA,License Plate/Registration,HOND,2015,1,3,0,3
11251029,1/29/17,17:06:00,60091,76,NA,white,female,13178,EVANSTON POLICE,vehicular,Moving Violation: Other,FALSE,TRUE,warning,NA,NA,NA,FALSE,FALSE,FALSE,NA,Moving Violation: Other,CADI,2014,1,1,6,3
11251109,1/31/17,11:07:00,60201,72,NA,white,female,13178,EVANSTON POLICE,vehicular,Moving Violation: Speed,TRUE,FALSE,citation,NA,NA,NA,FALSE,FALSE,FALSE,NA,Moving Violation: Speed,SUBA,2007,1,1,1,1
11251117,1/31/17,14:08:00,60050,73,NA,white,male,13178,EVANSTON POLICE,vehicular,Moving Violation: Seat Belt,TRUE,FALSE,citation,NA,NA,NA,FALSE,FALSE,FALSE,NA,Moving Violation: Seat Belt,CHEV,1997,1,1,3,1
11251123,1/31/17,16:07:00,60657,76,NA,white,male,13178,EVANSTON POLICE,vehicular,Moving Violation: Other,TRUE,FALSE,citation,NA,NA,NA,FALSE,FALSE,FALSE,NA,Moving Violation: Other,MAZD,2008,1,1,6,1
11251133,1/31/17,18:09:00,60202,77,NA,white,male,13178,EVANSTON POLICE,vehicular,Moving Violation: Speed,FALSE,TRUE,warning,NA,NA,NA,FALSE,FALSE,FALSE,NA,Moving Violation: Speed,FORD,2015,1,1,1,3
11251193,2/1/17,18:27:00,60202,78,NA,hispanic,male,13178,EVANSTON POLICE,vehicular,License Plate/Registration,FALSE,TRUE,warning,NA,NA,NA,FALSE,FALSE,FALSE,NA,License Plate/Registration,SUBA,2015,4,3,0,3
11251241,2/2/17,13:01:00,60659,72,NA,white,male,13178,EVANSTON POLICE,vehicular,Moving Violation: Other,FALSE,TRUE,warning,NA,NA,NA,FALSE,FALSE,FALSE,NA,Moving Violation: Other,LEXS,2010,1,1,6,3
11251290,2/3/17,9:18:00,60076,273,NA,hispanic,male,13178,EVANSTON POLICE,vehicular,Moving Violation: Traffic Sign or Signal,FALSE,TRUE,warning,NA,NA,NA,FALSE,FALSE,FALSE,NA,Moving Violation: Traffic Sign or Signal,MERC,1994,4,1,4,2
11251338,2/4/17,0:03:00,60020,175,NA,white,male,13178,EVANSTON POLICE,vehicular,Equipment,FALSE,TRUE,warning,NA,NA,NA,FALSE,FALSE,FALSE,NA,Equipment,FORD,2001,1,2,0,3
11251509,2/7/17,20:01:00,60076,74,NA,asian/pacific islander,male,13178,EVANSTON POLICE,vehicular,Moving Violation: Seat Belt,FALSE,TRUE,warning,FALSE,FALSE,FALSE,TRUE,TRUE,TRUE,NA,Moving Violation: Seat Belt,TOYT,1999,5,1,3,3
11251511,2/7/17,20:27:00,60626,72,NA,hispanic,male,13178,EVANSTON POLICE,vehicular,Moving Violation: Speed,TRUE,FALSE,citation,NA,NA,NA,FALSE,FALSE,FALSE,NA,Moving Violation: Speed,AUDI,2005,4,1,1,1
11251593,2/8/17,23:32:00,60025,177,NA,white,male,13178,EVANSTON POLICE,vehicular,Equipment,FALSE,TRUE,warning,NA,NA,NA,FALSE,FALSE,FALSE,NA,Equipment,NISS,2004,1,2,0,3
11251634,2/9/17,21:31:00,60645,171,NA,white,female,13178,EVANSTON POLICE,vehicular,Equipment,FALSE,TRUE,warning,NA,NA,NA,FALSE,FALSE,FALSE,NA,Equipment,HOND,2004,1,2,0,3
11251676,2/10/17,18:03:00,60203,71,NA,black,female,13178,EVANSTON POLICE,vehicular,Moving Violation: Speed,TRUE,FALSE,citation,NA,NA,NA,FALSE,FALSE,FALSE,NA,Moving Violation: Speed,CHRY,2005,2,1,1,1
11251818,2/13/17,11:07:00,60645,74,NA,black,female,13178,EVANSTON POLICE,vehicular,Moving Violation: Traffic Sign or Signal,FALSE,TRUE,warning,NA,NA,NA,FALSE,FALSE,FALSE,NA,Moving Violation: Traffic Sign or Signal,FORD,2000,2,1,4,3
11251831,2/13/17,13:19:00,60647,73,NA,white,male,13178,EVANSTON POLICE,vehicular,License Plate/Registration,TRUE,FALSE,citation,NA,NA,NA,FALSE,FALSE,FALSE,NA,License Plate/Registration,TOYT,2008,1,3,0,1
11251871,2/14/17,7:23:00,60714,75,NA,white,male,13178,EVANSTON POLICE,vehicular,Moving Violation: Other,TRUE,FALSE,citation,NA,NA,NA,FALSE,FALSE,FALSE,NA,Moving Violation: Other,JEEP,2014,1,1,6,1
11251936,2/15/17,10:42:00,60628,71,NA,black,female,13178,EVANSTON POLICE,vehicular,Moving Violation: Speed,TRUE,FALSE,citation,NA,NA,NA,FALSE,FALSE,FALSE,NA,Moving Violation: Speed,NISS,2016,2,1,1,1
11251964,2/16/17,7:36:00,60091,77,NA,white,female,13178,EVANSTON POLICE,vehicular,Moving Violation: Lane Violation,FALSE,TRUE,warning,NA,NA,NA,FALSE,FALSE,FALSE,NA,Moving Violation: Lane Violation,CHEV,2010,1,1,2,3
11251976,2/16/17,16:35:00,60201,77,NA,black,male,13178,EVANSTON POLICE,vehicular,License Plate/Registration,FALSE,TRUE,warning,NA,NA,NA,FALSE,FALSE,FALSE,NA,License Plate/Registration,TOYT,2006,2,3,0,3
11252020,2/17/17,15:14:00,60076,71,NA,white,male,13178,EVANSTON POLICE,vehicular,Moving Violation: Seat Belt,TRUE,FALSE,citation,NA,NA,NA,FALSE,FALSE,FALSE,NA,Moving Violation: Seat Belt,TOYT,2000,1,1,3,1
11252048,2/18/17,1:09:00,60048,176,NA,white,male,13178,EVANSTON POLICE,vehicular,License Plate/Registration,TRUE,FALSE,citation,NA,NA,NA,FALSE,FALSE,FALSE,NA,License Plate/Registration,VOLK,2008,1,3,0,1
11252051,2/18/17,1:35:00,60201,74,NA,black,male,13178,EVANSTON POLICE,vehicular,Equipment,FALSE,TRUE,warning,NA,NA,NA,FALSE,FALSE,FALSE,NA,Equipment,MITS,2005,2,2,0,3
11252066,2/18/17,11:16:00,60611,75,NA,asian/pacific islander,female,13178,EVANSTON POLICE,vehicular,Moving Violation: Seat Belt,TRUE,FALSE,citation,NA,NA,NA,FALSE,FALSE,FALSE,NA,Moving Violation: Seat Belt,NISS,2009,5,1,3,1
11252077,2/18/17,18:48:00,60626,71,NA,white,male,13178,EVANSTON POLICE,vehicular,Moving Violation: Seat Belt,TRUE,FALSE,citation,NA,NA,NA,FALSE,FALSE,FALSE,NA,Moving Violation: Seat Belt,FORD,2011,1,1,3,1
11252086,2/19/17,10:20:00,54455,71,NA,white,male,13178,EVANSTON POLICE,vehicular,Moving Violation: Other,TRUE,FALSE,citation,NA,NA,NA,FALSE,FALSE,FALSE,NA,Moving Violation: Other,CHEV,2006,1,1,6,1
11252102,2/19/17,12:40:00,60076,75,NA,white,male,13178,EVANSTON POLICE,vehicular,Moving Violation: Speed,TRUE,FALSE,citation,NA,NA,NA,FALSE,FALSE,FALSE,NA,Moving Violation: Speed,HOND,2013,1,1,1,1
11252202,2/21/17,13:17:00,60446,73,NA,black,male,13178,EVANSTON POLICE,vehicular,Equipment,TRUE,FALSE,citation,NA,NA,NA,FALSE,FALSE,FALSE,NA,Equipment,CHRY,2014,2,2,0,1
11252288,2/23/17,9:31:00,60613,73,NA,white,female,13178,EVANSTON POLICE,vehicular,Moving Violation: Traffic Sign or Signal,FALSE,TRUE,warning,NA,NA,NA,FALSE,FALSE,FALSE,NA,Moving Violation: Traffic Sign or Signal,HOND,2003,1,1,4,2
11252343,2/24/17,13:15:00,60091,73,NA,asian/pacific islander,female,13178,EVANSTON POLICE,vehicular,Moving Violation: Seat Belt,TRUE,FALSE,citation,NA,NA,NA,FALSE,FALSE,FALSE,NA,Moving Violation: Seat Belt,LEXS,2001,5,1,3,1
11252419,2/25/17,15:34:00,60202,78,NA,white,male,13178,EVANSTON POLICE,vehicular,Moving Violation: Other,TRUE,FALSE,citation,NA,NA,NA,FALSE,FALSE,FALSE,NA,Moving Violation: Other,SUBA,2012,1,1,6,1
11252543,2/27/17,21:40:00,60201,77,NA,black,male,13178,EVANSTON POLICE,vehicular,Equipment,FALSE,TRUE,warning,NA,NA,NA,FALSE,FALSE,FALSE,NA,Equipment,TOYT,1995,2,2,0,3
11252548,2/27/17,23:06:00,60617,71,NA,black,male,13178,EVANSTON POLICE,vehicular,License Plate/Registration,FALSE,TRUE,warning,NA,NA,NA,FALSE,FALSE,FALSE,NA,License Plate/Registration,VOLK,2009,2,3,0,3
11252601,3/1/17,13:30:00,60201,76,NA,other,male,13178,EVANSTON POLICE,vehicular,Moving Violation: Traffic Sign or Signal,FALSE,TRUE,warning,NA,NA,NA,FALSE,FALSE,FALSE,NA,Moving Violation: Traffic Sign or Signal,HOND,2006,3,1,4,3
11252625,3/2/17,13:39:00,60201,73,NA,white,female,13178,EVANSTON POLICE,vehicular,Moving Violation: Traffic Sign or Signal,FALSE,TRUE,warning,NA,NA,NA,FALSE,FALSE,FALSE,NA,Moving Violation: Traffic Sign or Signal,TOYT,2011,1,1,4,3
11252629,3/2/17,17:05:00,60202,71,NA,black,male,13178,EVANSTON POLICE,vehicular,Moving Violation: Other,FALSE,TRUE,warning,NA,NA,NA,FALSE,FALSE,FALSE,NA,Moving Violation: Other,HOND,2001,2,1,6,2
11252841,3/6/17,11:59:00,60026,73,NA,white,male,13178,EVANSTON POLICE,vehicular,Moving Violation: Traffic Sign or Signal,TRUE,FALSE,citation,NA,NA,NA,FALSE,FALSE,FALSE,NA,Moving Violation: Traffic Sign or Signal,HOND,2010,1,1,4,1
11252864,3/6/17,19:21:00,60201,74,NA,black,female,13178,EVANSTON POLICE,vehicular,Moving Violation: Lane Violation,TRUE,FALSE,citation,FALSE,FALSE,FALSE,TRUE,TRUE,FALSE,NA,Moving Violation: Lane Violation,HYUN,2002,2,1,2,1
11252882,3/6/17,23:49:00,60201,77,NA,black,male,13178,EVANSTON POLICE,vehicular,License Plate/Registration,FALSE,TRUE,warning,NA,NA,NA,FALSE,FALSE,FALSE,NA,License Plate/Registration,OLDS,2008,2,3,0,3
11252943,3/8/17,0:16:00,60620,75,NA,black,female,13178,EVANSTON POLICE,vehicular,Moving Violation: Other,FALSE,TRUE,warning,NA,NA,NA,FALSE,FALSE,FALSE,NA,Moving Violation: Other,NISS,2014,2,1,6,3
11252954,3/8/17,1:46:00,60076,73,NA,white,male,13178,EVANSTON POLICE,vehicular,Moving Violation: Traffic Sign or Signal,FALSE,TRUE,warning,NA,NA,NA,FALSE,FALSE,FALSE,NA,Moving Violation: Traffic Sign or Signal,SUBA,2016,1,1,4,3
11252957,3/8/17,6:48:00,60202,73,NA,white,female,13178,EVANSTON POLICE,vehicular,Moving Violation: Traffic Sign or Signal,FALSE,TRUE,warning,NA,NA,NA,FALSE,FALSE,FALSE,NA,Moving Violation: Traffic Sign or Signal,TOYT,2007,1,1,4,3
11252978,3/8/17,15:27:00,60076,78,NA,hispanic,male,13178,EVANSTON POLICE,vehicular,Moving Violation: Seat Belt,TRUE,FALSE,citation,NA,NA,NA,FALSE,FALSE,FALSE,NA,Moving Violation: Seat Belt,CHEV,2008,4,1,3,1
11252992,3/8/17,22:57:00,97405,73,NA,asian/pacific islander,male,13178,EVANSTON POLICE,vehicular,Equipment,FALSE,TRUE,warning,NA,NA,NA,FALSE,FALSE,FALSE,NA,Equipment,JEEP,2012,5,2,0,3
11253000,3/8/17,23:44:00,60016,74,NA,asian/pacific islander,female,13178,EVANSTON POLICE,vehicular,Moving Violation: Traffic Sign or Signal,TRUE,FALSE,citation,NA,NA,NA,FALSE,FALSE,FALSE,NA,Moving Violation: Traffic Sign or Signal,HOND,2010,5,1,4,1
11253121,3/11/17,10:12:00,60613,72,NA,white,male,13178,EVANSTON POLICE,vehicular,Moving Violation: Speed,TRUE,FALSE,citation,NA,NA,NA,FALSE,FALSE,FALSE,NA,Moving Violation: Speed,FORD,2015,1,1,1,1
11253213,3/12/17,23:09:00,60076,74,NA,asian/pacific islander,male,13178,EVANSTON POLICE,vehicular,License Plate/Registration,FALSE,TRUE,warning,NA,NA,NA,FALSE,FALSE,FALSE,NA,License Plate/Registration,MITS,2004,5,3,0,3
11253268,3/14/17,11:55:00,60202,71,NA,asian/pacific islander,male,13178,EVANSTON POLICE,vehicular,Moving Violation: Speed,TRUE,FALSE,citation,NA,NA,NA,FALSE,FALSE,FALSE,NA,Moving Violation: Speed,TOYT,2014,5,1,1,1
11253337,3/15/17,15:38:00,60202,77,NA,black,male,13178,EVANSTON POLICE,vehicular,Equipment,FALSE,TRUE,warning,NA,NA,NA,FALSE,FALSE,FALSE,NA,Equipment,MAZD,2012,2,2,0,3
11253365,3/15/17,23:32:00,60076,78,NA,black,female,13178,EVANSTON POLICE,vehicular,Equipment,FALSE,TRUE,warning,NA,NA,NA,FALSE,FALSE,FALSE,NA,Equipment,NISS,2006,2,2,0,3
11253368,3/15/17,23:53:00,60076,74,NA,hispanic,male,13178,EVANSTON POLICE,vehicular,Equipment,TRUE,FALSE,citation,TRUE,TRUE,FALSE,TRUE,TRUE,TRUE,consent,Equipment,AUDI,2003,4,2,0,1
11253397,3/16/17,11:54:00,60640,71,NA,white,male,13178,EVANSTON POLICE,vehicular,Moving Violation: Speed,TRUE,FALSE,citation,NA,NA,NA,FALSE,FALSE,FALSE,NA,Moving Violation: Speed,AUDI,2011,1,1,1,1
11253493,3/18/17,2:19:00,60201,76,NA,white,female,13178,EVANSTON POLICE,vehicular,Equipment,TRUE,FALSE,citation,NA,NA,NA,FALSE,FALSE,FALSE,NA,Equipment,MINI,2012,1,2,0,1
11253500,3/18/17,10:48:00,53095,73,NA,white,male,13178,EVANSTON POLICE,vehicular,Moving Violation: Traffic Sign or Signal,FALSE,TRUE,warning,NA,NA,NA,FALSE,FALSE,FALSE,NA,Moving Violation: Traffic Sign or Signal,HOND,2010,1,1,4,3
11253502,3/18/17,12:37:00,60201,73,NA,white,female,13178,EVANSTON POLICE,vehicular,Moving Violation: Traffic Sign or Signal,FALSE,TRUE,warning,NA,NA,NA,FALSE,FALSE,FALSE,NA,Moving Violation: Traffic Sign or Signal,HOND,2009,1,1,4,3
11253505,3/18/17,14:56:00,60202,78,NA,white,female,13178,EVANSTON POLICE,vehicular,Moving Violation: Traffic Sign or Signal,FALSE,TRUE,warning,NA,NA,NA,FALSE,FALSE,FALSE,NA,Moving Violation: Traffic Sign or Signal,VOLK,2005,1,1,4,3
11253520,3/18/17,20:56:00,60659,71,NA,white,male,13178,EVANSTON POLICE,vehicular,Equipment,FALSE,TRUE,warning,NA,NA,NA,FALSE,FALSE,FALSE,NA,Equipment,HOND,2012,1,2,0,3
11253521,3/18/17,21:01:00,60645,74,NA,black,male,13178,EVANSTON POLICE,vehicular,Equipment,FALSE,TRUE,warning,NA,NA,NA,FALSE,FALSE,FALSE,NA,Equipment,HYUN,2007,2,2,0,3
11253530,3/18/17,21:35:00,60093,75,NA,white,female,13178,EVANSTON POLICE,vehicular,Moving Violation: Other,TRUE,FALSE,citation,NA,NA,NA,FALSE,FALSE,FALSE,NA,Moving Violation: Other,BMW,2009,1,1,6,1
11253559,3/19/17,0:38:00,60625,77,NA,white,female,13178,EVANSTON POLICE,vehicular,Equipment,FALSE,TRUE,warning,NA,NA,NA,FALSE,FALSE,FALSE,NA,Equipment,CHEV,2003,1,2,0,3
11253607,3/19/17,23:20:00,60077,73,NA,asian/pacific islander,male,13178,EVANSTON POLICE,vehicular,Moving Violation: Traffic Sign or Signal,FALSE,TRUE,warning,NA,NA,NA,FALSE,FALSE,FALSE,NA,Moving Violation: Traffic Sign or Signal,HOND,2004,5,1,4,3
11253635,3/20/17,8:55:00,60950,73,NA,white,male,13178,EVANSTON POLICE,vehicular,Moving Violation: Seat Belt,TRUE,FALSE,citation,NA,NA,NA,FALSE,FALSE,FALSE,NA,Moving Violation: Seat Belt,GMC,2004,1,1,3,1
11253707,3/21/17,10:24:00,60660,72,NA,white,male,13178,EVANSTON POLICE,vehicular,Moving Violation: Other,TRUE,FALSE,citation,NA,NA,NA,FALSE,FALSE,FALSE,NA,Moving Violation: Other,CHEV,1992,1,1,6,1
11253712,3/21/17,10:57:00,60201,71,NA,black,female,13178,EVANSTON POLICE,vehicular,Moving Violation: Other,TRUE,FALSE,citation,NA,NA,NA,FALSE,FALSE,FALSE,NA,Moving Violation: Other,LEXS,2004,2,1,6,1
11253736,3/21/17,22:39:00,60202,75,NA,white,male,13178,EVANSTON POLICE,vehicular,Equipment,FALSE,TRUE,warning,NA,NA,NA,FALSE,FALSE,FALSE,NA,Equipment,HOND,2011,1,2,0,3
11253772,3/22/17,10:40:00,60645,71,NA,black,male,13178,EVANSTON POLICE,vehicular,Moving Violation: Other,FALSE,TRUE,warning,NA,NA,NA,FALSE,FALSE,FALSE,NA,Moving Violation: Other,TOYT,2000,2,1,6,3
11253901,3/25/17,0:57:00,60659,71,NA,white,male,13178,EVANSTON POLICE,vehicular,Moving Violation: Lane Violation,TRUE,FALSE,citation,NA,NA,NA,FALSE,FALSE,FALSE,NA,Moving Violation: Lane Violation,BUIC,2007,1,1,2,1
11253940,3/26/17,17:39:00,60201,77,NA,black,female,13178,EVANSTON POLICE,vehicular,Moving Violation: Speed,FALSE,TRUE,warning,NA,NA,NA,FALSE,FALSE,FALSE,NA,Moving Violation: Speed,FORD,2015,2,1,1,3
11253948,3/26/17,23:58:00,60076,74,NA,black,female,13178,EVANSTON POLICE,vehicular,Moving Violation: Other,TRUE,FALSE,citation,NA,NA,NA,FALSE,FALSE,FALSE,NA,Moving Violation: Other,NISS,2012,2,1,6,1
11254023,3/28/17,20:41:00,60202,74,NA,white,male,13178,EVANSTON POLICE,vehicular,Moving Violation: Traffic Sign or Signal,FALSE,TRUE,warning,NA,NA,NA,FALSE,FALSE,FALSE,NA,Moving Violation: Traffic Sign or Signal,LEXS,2006,1,1,4,3
11254040,3/29/17,8:42:00,60640,72,NA,white,female,13178,EVANSTON POLICE,vehicular,Moving Violation: Speed,TRUE,FALSE,citation,NA,NA,NA,FALSE,FALSE,FALSE,NA,Moving Violation: Speed,SUBA,2015,1,1,1,1
11254112,3/31/17,1:11:00,60061,78,NA,white,female,13178,EVANSTON POLICE,vehicular,Moving Violation: Traffic Sign or Signal,TRUE,FALSE,citation,TRUE,TRUE,FALSE,TRUE,TRUE,FALSE,consent,Moving Violation: Traffic Sign or Signal,TOYT,2002,1,1,4,1
11254153,4/1/17,9:05:00,60626,71,NA,black,female,13178,EVANSTON POLICE,vehicular,Moving Violation: Speed,FALSE,TRUE,warning,NA,NA,NA,FALSE,FALSE,FALSE,NA,Moving Violation: Speed,JEEP,2010,2,1,1,2
11254279,4/4/17,10:02:00,60660,72,NA,black,male,13178,EVANSTON POLICE,vehicular,Moving Violation: Other,TRUE,FALSE,citation,NA,NA,NA,FALSE,FALSE,FALSE,NA,Moving Violation: Other,NISS,2015,2,1,6,1
11254356,4/6/17,16:19:00,11111,77,NA,white,male,13178,EVANSTON POLICE,vehicular,Moving Violation: Other,FALSE,TRUE,warning,NA,NA,NA,FALSE,FALSE,FALSE,NA,Moving Violation: Other,VOLK,2012,1,1,6,3
11254357,4/6/17,16:38:00,60201,71,NA,black,female,13178,EVANSTON POLICE,vehicular,Moving Violation: Other,TRUE,FALSE,citation,NA,NA,NA,FALSE,FALSE,FALSE,NA,Moving Violation: Other,CHRY,2002,2,1,6,1
11254364,4/6/17,19:14:00,49546,78,NA,white,male,13178,EVANSTON POLICE,vehicular,Equipment,TRUE,FALSE,citation,NA,NA,NA,FALSE,FALSE,FALSE,NA,Equipment,MERZ,2010,1,2,0,1
11254393,4/7/17,9:26:00,60202,78,NA,white,female,13178,EVANSTON POLICE,vehicular,Moving Violation: Speed,TRUE,FALSE,citation,NA,NA,NA,FALSE,FALSE,FALSE,NA,Moving Violation: Speed,HOND,2013,1,1,1,1
11254448,4/8/17,9:04:00,60402,272,NA,white,male,13178,EVANSTON POLICE,vehicular,Moving Violation: Traffic Sign or Signal,FALSE,TRUE,warning,NA,NA,NA,FALSE,FALSE,FALSE,NA,Moving Violation: Traffic Sign or Signal,FORD,1993,1,1,4,2
11254509,4/9/17,11:41:00,60618,71,NA,hispanic,male,13178,EVANSTON POLICE,vehicular,Moving Violation: Other,TRUE,FALSE,citation,NA,NA,NA,FALSE,FALSE,FALSE,NA,Moving Violation: Other,CHRY,2005,4,1,6,1
11254557,4/10/17,13:21:00,60640,73,NA,white,female,13178,EVANSTON POLICE,vehicular,Moving Violation: Traffic Sign or Signal,FALSE,TRUE,warning,NA,NA,NA,FALSE,FALSE,FALSE,NA,Moving Violation: Traffic Sign or Signal,HOND,2015,1,1,4,3
11254586,4/11/17,8:39:00,60202,72,NA,white,male,13178,EVANSTON POLICE,vehicular,Moving Violation: Speed,TRUE,FALSE,citation,NA,NA,NA,FALSE,FALSE,FALSE,NA,Moving Violation: Speed,TESL,2014,1,1,1,1
11254626,4/12/17,0:50:00,60201,71,NA,black,male,13178,EVANSTON POLICE,vehicular,Equipment,FALSE,TRUE,warning,NA,NA,NA,FALSE,FALSE,FALSE,NA,Equipment,FORD,2005,2,2,0,3
11254789,4/15/17,18:59:00,60201,74,NA,hispanic,male,13178,EVANSTON POLICE,vehicular,Moving Violation: Other,FALSE,TRUE,warning,NA,NA,NA,FALSE,FALSE,FALSE,NA,Moving Violation: Other,HOND,2005,4,1,6,3
11255090,4/22/17,10:03:00,60202,72,NA,black,male,13178,EVANSTON POLICE,vehicular,Moving Violation: Traffic Sign or Signal,TRUE,FALSE,citation,NA,NA,NA,FALSE,FALSE,FALSE,NA,Moving Violation: Traffic Sign or Signal,KIA,2014,2,1,4,1
11255152,4/23/17,20:56:00,60712,77,NA,white,male,13178,EVANSTON POLICE,vehicular,Moving Violation: Speed,FALSE,TRUE,warning,NA,NA,NA,FALSE,FALSE,FALSE,NA,Moving Violation: Speed,HYUN,2004,1,1,1,3
11255191,4/24/17,14:34:00,60641,78,NA,hispanic,male,13178,EVANSTON POLICE,vehicular,Moving Violation: Other,TRUE,FALSE,citation,NA,NA,NA,FALSE,FALSE,FALSE,NA,Moving Violation: Other,CHEV,2015,4,1,6,1
11255192,4/24/17,14:36:00,60440,78,NA,black,male,13178,EVANSTON POLICE,vehicular,Moving Violation: Other,TRUE,FALSE,citation,NA,NA,NA,FALSE,FALSE,FALSE,NA,Moving Violation: Other,BUIC,2002,2,1,6,1
11255366,4/28/17,17:26:00,60653,78,NA,black,male,13178,EVANSTON POLICE,vehicular,Moving Violation: Other,TRUE,FALSE,citation,NA,NA,NA,FALSE,FALSE,FALSE,NA,Moving Violation: Other,NISS,2013,2,1,6,1
11255460,5/2/17,7:33:00,60077,75,NA,white,male,13178,EVANSTON POLICE,vehicular,Moving Violation: Traffic Sign or Signal,TRUE,FALSE,citation,NA,NA,NA,FALSE,FALSE,FALSE,NA,Moving Violation: Traffic Sign or Signal,TOYT,2000,1,1,4,1
11255474,5/2/17,14:23:00,60089,74,NA,white,male,13178,EVANSTON POLICE,vehicular,Moving Violation: Traffic Sign or Signal,FALSE,TRUE,warning,NA,NA,NA,FALSE,FALSE,FALSE,NA,Moving Violation: Traffic Sign or Signal,TOYT,2015,1,1,4,3
11255516,5/3/17,1:19:00,60659,78,NA,black,female,13178,EVANSTON POLICE,vehicular,Equipment,FALSE,TRUE,warning,NA,NA,NA,FALSE,FALSE,FALSE,NA,Equipment,NISS,2010,2,2,0,3
11255657,5/6/17,0:05:00,60440,74,NA,white,male,13178,EVANSTON POLICE,vehicular,Moving Violation: Other,TRUE,FALSE,citation,NA,NA,NA,FALSE,FALSE,FALSE,NA,Moving Violation: Other,TOYT,2006,1,1,6,1
11255668,5/6/17,9:32:00,60201,74,NA,white,female,13178,EVANSTON POLICE,vehicular,Moving Violation: Traffic Sign or Signal,FALSE,TRUE,warning,NA,NA,NA,FALSE,FALSE,FALSE,NA,Moving Violation: Traffic Sign or Signal,HOND,2003,1,1,4,3
11255746,5/8/17,0:38:00,27713,75,NA,white,male,13178,EVANSTON POLICE,vehicular,Moving Violation: Lane Violation,FALSE,TRUE,warning,NA,NA,NA,FALSE,FALSE,FALSE,NA,Moving Violation: Lane Violation,INFI,2013,1,1,2,3
11255774,5/8/17,21:05:00,60636,78,NA,black,female,13178,EVANSTON POLICE,vehicular,Equipment,FALSE,TRUE,warning,FALSE,FALSE,FALSE,TRUE,TRUE,TRUE,NA,Equipment,DODG,2011,2,2,0,2
11255839,5/10/17,16:39:00,60645,73,NA,black,female,13178,EVANSTON POLICE,vehicular,Moving Violation: Traffic Sign or Signal,TRUE,FALSE,citation,NA,NA,NA,FALSE,FALSE,FALSE,NA,Moving Violation: Traffic Sign or Signal,TOYT,1998,2,1,4,1
11255848,5/11/17,0:22:00,60202,77,NA,black,male,13178,EVANSTON POLICE,vehicular,Equipment,FALSE,TRUE,warning,NA,NA,NA,FALSE,FALSE,FALSE,NA,Equipment,TOYT,2005,2,2,0,3
11256032,5/15/17,18:07:00,60064,74,NA,black,male,13178,EVANSTON POLICE,vehicular,Equipment,FALSE,TRUE,warning,FALSE,FALSE,FALSE,TRUE,TRUE,TRUE,NA,Equipment,CHEV,2005,2,2,0,3
11256034,5/15/17,18:21:00,60202,75,NA,black,male,13178,EVANSTON POLICE,vehicular,Moving Violation: Traffic Sign or Signal,FALSE,TRUE,warning,NA,NA,NA,FALSE,FALSE,FALSE,NA,Moving Violation: Traffic Sign or Signal,HOND,2014,2,1,4,3
11256051,5/16/17,0:07:00,60645,78,NA,hispanic,male,13178,EVANSTON POLICE,vehicular,Moving Violation: Traffic Sign or Signal,TRUE,FALSE,citation,NA,NA,NA,FALSE,FALSE,FALSE,NA,Moving Violation: Traffic Sign or Signal,CHEV,2001,4,1,4,1
11256101,5/17/17,18:07:00,60201,77,NA,black,male,13178,EVANSTON POLICE,vehicular,Moving Violation: Other,FALSE,TRUE,warning,NA,NA,NA,FALSE,FALSE,FALSE,NA,Moving Violation: Other,CHEV,2006,2,1,6,3
11256105,5/18/17,1:40:00,60707,78,NA,white,male,13178,EVANSTON POLICE,vehicular,Equipment,FALSE,TRUE,warning,NA,NA,NA,FALSE,FALSE,FALSE,NA,Equipment,JAGU,2003,1,2,0,3
11256128,5/18/17,19:10:00,60202,78,NA,black,male,13178,EVANSTON POLICE,vehicular,Moving Violation: Traffic Sign or Signal,FALSE,TRUE,warning,FALSE,FALSE,FALSE,TRUE,TRUE,TRUE,NA,Moving Violation: Traffic Sign or Signal,ACUR,1999,2,1,4,3
11256148,5/20/17,7:30:00,60026,76,NA,black,male,13178,EVANSTON POLICE,vehicular,Moving Violation: Traffic Sign or Signal,FALSE,TRUE,warning,NA,NA,NA,FALSE,FALSE,FALSE,NA,Moving Violation: Traffic Sign or Signal,TOYT,2010,2,1,4,2
11256200,5/21/17,21:51:00,60656,75,NA,white,female,13178,EVANSTON POLICE,vehicular,Equipment,FALSE,TRUE,warning,NA,NA,NA,FALSE,FALSE,FALSE,NA,Equipment,VOLK,2011,1,2,0,3
11256233,5/22/17,23:30:00,60025,73,NA,white,male,13178,EVANSTON POLICE,vehicular,Moving Violation: Speed,FALSE,TRUE,warning,NA,NA,NA,FALSE,FALSE,FALSE,NA,Moving Violation: Speed,KIA,2013,1,1,1,3
11256256,5/23/17,20:40:00,60506,72,NA,white,male,13178,EVANSTON POLICE,vehicular,License Plate/Registration,FALSE,TRUE,warning,NA,NA,NA,FALSE,FALSE,FALSE,NA,License Plate/Registration,TOYT,2008,1,3,0,3
11256290,5/25/17,0:18:00,60201,74,NA,black,male,13178,EVANSTON POLICE,vehicular,License Plate/Registration,FALSE,TRUE,warning,NA,NA,NA,FALSE,FALSE,FALSE,NA,License Plate/Registration,NISS,2005,2,3,0,3
11256405,5/30/17,1:51:00,53204,73,NA,hispanic,male,13178,EVANSTON POLICE,vehicular,Equipment,FALSE,TRUE,warning,NA,NA,NA,FALSE,FALSE,FALSE,NA,Equipment,DODG,2016,4,2,0,3
11256558,6/2/17,9:41:00,60201,73,NA,white,female,13178,EVANSTON POLICE,vehicular,Moving Violation: Traffic Sign or Signal,FALSE,TRUE,warning,NA,NA,NA,FALSE,FALSE,FALSE,NA,Moving Violation: Traffic Sign or Signal,TOYT,2013,1,1,4,3
11256559,6/2/17,9:49:00,60605,73,NA,black,female,13178,EVANSTON POLICE,vehicular,Moving Violation: Traffic Sign or Signal,FALSE,TRUE,warning,NA,NA,NA,FALSE,FALSE,FALSE,NA,Moving Violation: Traffic Sign or Signal,MERC,2011,2,1,4,3
11256579,6/2/17,15:08:00,60201,75,NA,white,female,13178,EVANSTON POLICE,vehicular,Moving Violation: Traffic Sign or Signal,FALSE,TRUE,warning,NA,NA,NA,FALSE,FALSE,FALSE,NA,Moving Violation: Traffic Sign or Signal,HOND,2010,1,1,4,3
11256599,6/3/17,12:40:00,6902,71,NA,black,female,13178,EVANSTON POLICE,vehicular,Moving Violation: Seat Belt,FALSE,TRUE,warning,NA,NA,NA,FALSE,FALSE,FALSE,NA,Moving Violation: Seat Belt,LINC,2005,2,1,3,3
11256691,6/6/17,7:31:00,60625,76,NA,white,female,13178,EVANSTON POLICE,vehicular,Moving Violation: Other,TRUE,FALSE,citation,NA,NA,NA,FALSE,FALSE,FALSE,NA,Moving Violation: Other,HOND,2014,1,1,6,1
11256729,6/6/17,12:06:00,60201,75,NA,black,female,13178,EVANSTON POLICE,vehicular,Moving Violation: Speed,TRUE,FALSE,citation,NA,NA,NA,FALSE,FALSE,FALSE,NA,Moving Violation: Speed,MITS,2014,2,1,1,1
11256742,6/6/17,16:55:00,60615,75,NA,white,male,13178,EVANSTON POLICE,vehicular,Equipment,TRUE,FALSE,citation,NA,NA,NA,FALSE,FALSE,FALSE,NA,Equipment,VOLK,2009,1,2,0,1
11256812,6/8/17,8:18:00,60045,72,NA,white,male,13178,EVANSTON POLICE,vehicular,Moving Violation: Other,TRUE,FALSE,citation,NA,NA,NA,FALSE,FALSE,FALSE,NA,Moving Violation: Other,CHEV,2002,1,1,6,1
11256834,6/8/17,13:28:00,60827,73,NA,white,male,13178,EVANSTON POLICE,vehicular,Moving Violation: Other,TRUE,FALSE,citation,NA,NA,NA,FALSE,FALSE,FALSE,NA,Moving Violation: Other,FORD,2008,1,1,6,1
11256844,6/8/17,19:33:00,60077,77,NA,hispanic,male,13178,EVANSTON POLICE,vehicular,License Plate/Registration,FALSE,TRUE,warning,NA,NA,NA,FALSE,FALSE,FALSE,NA,License Plate/Registration,CHEV,1987,4,3,0,3
11256907,6/9/17,23:45:00,60087,78,NA,black,male,13178,EVANSTON POLICE,vehicular,Equipment,FALSE,TRUE,warning,NA,NA,NA,FALSE,FALSE,FALSE,NA,Equipment,MAZD,2007,2,2,0,3
11257075,6/14/17,13:18:00,60076,74,NA,hispanic,male,13178,EVANSTON POLICE,vehicular,Moving Violation: Seat Belt,FALSE,TRUE,warning,NA,NA,NA,FALSE,FALSE,FALSE,NA,Moving Violation: Seat Belt,TOYT,1999,4,1,3,3
11257097,6/15/17,12:50:00,60660,71,NA,white,female,13178,EVANSTON POLICE,vehicular,Moving Violation: Other,TRUE,FALSE,citation,NA,NA,NA,FALSE,FALSE,FALSE,NA,Moving Violation: Other,SAA,2004,1,1,6,1
11257120,6/16/17,10:24:00,60626,71,NA,white,female,13178,EVANSTON POLICE,vehicular,Moving Violation: Speed,TRUE,FALSE,citation,NA,NA,NA,FALSE,FALSE,FALSE,NA,Moving Violation: Speed,KIA,2012,1,1,1,1
11257125,6/16/17,11:49:00,60202,71,NA,white,female,13178,EVANSTON POLICE,vehicular,Moving Violation: Seat Belt,TRUE,FALSE,citation,NA,NA,NA,FALSE,FALSE,FALSE,NA,Moving Violation: Seat Belt,VOLK,2002,1,1,3,1
11257209,6/19/17,12:19:00,60712,74,NA,white,female,13178,EVANSTON POLICE,vehicular,Moving Violation: Lane Violation,FALSE,TRUE,warning,NA,NA,NA,FALSE,FALSE,FALSE,NA,Moving Violation: Lane Violation,ACUR,2015,1,1,2,3
11257243,6/20/17,22:08:00,60046,73,NA,black,female,13178,EVANSTON POLICE,vehicular,Moving Violation: Traffic Sign or Signal,FALSE,TRUE,warning,NA,NA,NA,FALSE,FALSE,FALSE,NA,Moving Violation: Traffic Sign or Signal,NISS,2013,2,1,4,3
11257258,6/21/17,16:39:00,60126,72,NA,black,male,13178,EVANSTON POLICE,vehicular,Moving Violation: Traffic Sign or Signal,FALSE,TRUE,warning,NA,NA,NA,FALSE,FALSE,FALSE,NA,Moving Violation: Traffic Sign or Signal,FORD,2017,2,1,4,2
11257282,6/22/17,0:53:00,60712,74,NA,asian/pacific islander,male,13178,EVANSTON POLICE,vehicular,Moving Violation: Traffic Sign or Signal,FALSE,TRUE,warning,NA,NA,NA,FALSE,FALSE,FALSE,NA,Moving Violation: Traffic Sign or Signal,RANG,2016,5,1,4,3
11257312,6/23/17,15:58:00,60640,72,NA,white,male,13178,EVANSTON POLICE,vehicular,Moving Violation: Traffic Sign or Signal,FALSE,TRUE,warning,NA,NA,NA,FALSE,FALSE,FALSE,NA,Moving Violation: Traffic Sign or Signal,FORD,2015,1,1,4,3
11257427,6/27/17,23:17:00,60201,77,NA,black,male,13178,EVANSTON POLICE,vehicular,License Plate/Registration,FALSE,TRUE,warning,NA,NA,NA,FALSE,FALSE,FALSE,NA,License Plate/Registration,HOND,2005,2,3,0,3
11257432,6/28/17,0:59:00,60076,74,NA,black,male,13178,EVANSTON POLICE,vehicular,License Plate/Registration,FALSE,TRUE,warning,NA,NA,NA,FALSE,FALSE,FALSE,NA,License Plate/Registration,TOYT,1998,2,3,0,3
11257440,6/28/17,9:13:00,60201,76,NA,white,female,13178,EVANSTON POLICE,vehicular,Moving Violation: Other,TRUE,FALSE,citation,NA,NA,NA,FALSE,FALSE,FALSE,NA,Moving Violation: Other,MERZ,2001,1,1,6,1
11257476,6/29/17,15:31:00,60202,77,NA,black,male,13178,EVANSTON POLICE,vehicular,Moving Violation: Lane Violation,FALSE,TRUE,warning,NA,NA,NA,FALSE,FALSE,FALSE,NA,Moving Violation: Lane Violation,TOYT,1994,2,1,2,3
11257483,6/29/17,16:54:00,60617,73,NA,black,male,13178,EVANSTON POLICE,vehicular,Moving Violation: Other,FALSE,TRUE,warning,NA,NA,NA,FALSE,FALSE,FALSE,NA,Moving Violation: Other,TOYT,2006,2,1,6,3
11257518,6/30/17,11:10:00,60093,73,NA,white,male,13178,EVANSTON POLICE,vehicular,Moving Violation: Traffic Sign or Signal,TRUE,FALSE,citation,NA,NA,NA,FALSE,FALSE,FALSE,NA,Moving Violation: Traffic Sign or Signal,BMW,2014,1,1,4,1
11257537,6/30/17,15:38:00,60091,74,NA,white,female,13178,EVANSTON POLICE,vehicular,Moving Violation: Traffic Sign or Signal,TRUE,FALSE,citation,NA,NA,NA,FALSE,FALSE,FALSE,NA,Moving Violation: Traffic Sign or Signal,HOND,2012,1,1,4,1
11257551,6/30/17,18:50:00,60201,74,NA,white,male,13178,EVANSTON POLICE,vehicular,Moving Violation: Traffic Sign or Signal,TRUE,FALSE,citation,NA,NA,NA,FALSE,FALSE,FALSE,NA,Moving Violation: Traffic Sign or Signal,JEEP,1997,1,1,4,1
11257586,7/1/17,12:25:00,60625,72,NA,white,male,13178,EVANSTON POLICE,vehicular,Moving Violation: Speed,TRUE,FALSE,citation,NA,NA,NA,FALSE,FALSE,FALSE,NA,Moving Violation: Speed,VOLK,2015,1,1,1,1
11257682,7/6/17,0:17:00,60659,78,NA,black,male,13178,EVANSTON POLICE,vehicular,Equipment,FALSE,TRUE,warning,NA,NA,NA,FALSE,FALSE,FALSE,NA,Equipment,NISS,2007,2,2,0,3
11257873,7/11/17,23:36:00,60202,77,NA,black,female,13178,EVANSTON POLICE,vehicular,Equipment,FALSE,TRUE,warning,NA,NA,NA,FALSE,FALSE,FALSE,NA,Equipment,BUIC,2012,2,2,0,3
11257951,7/13/17,12:33:00,60625,73,NA,white,female,13178,EVANSTON POLICE,vehicular,Moving Violation: Other,FALSE,TRUE,warning,NA,NA,NA,FALSE,FALSE,FALSE,NA,Moving Violation: Other,MERC,1998,1,1,6,3
11258034,7/15/17,9:48:00,60201,76,NA,white,male,13178,EVANSTON POLICE,vehicular,Moving Violation: Traffic Sign or Signal,TRUE,FALSE,citation,NA,NA,NA,FALSE,FALSE,FALSE,NA,Moving Violation: Traffic Sign or Signal,TOYT,2003,1,1,4,1
11258059,7/16/17,3:07:00,60201,78,NA,black,male,13178,EVANSTON POLICE,vehicular,Equipment,FALSE,TRUE,warning,NA,NA,NA,FALSE,FALSE,FALSE,NA,Equipment,HOND,2001,2,2,0,3
11258073,7/16/17,17:14:00,60645,78,NA,white,female,13178,EVANSTON POLICE,vehicular,Moving Violation: Other,FALSE,TRUE,warning,NA,NA,NA,FALSE,FALSE,FALSE,NA,Moving Violation: Other,FORD,2013,1,1,6,3
11258120,7/17/17,22:03:00,60077,77,NA,black,male,13178,EVANSTON POLICE,vehicular,Equipment,FALSE,TRUE,warning,NA,NA,NA,FALSE,FALSE,FALSE,NA,Equipment,TOYT,2009,2,2,0,3
11258124,7/17/17,23:42:00,60201,76,NA,black,male,13178,EVANSTON POLICE,vehicular,Equipment,FALSE,TRUE,warning,FALSE,FALSE,FALSE,TRUE,TRUE,TRUE,NA,Equipment,CHEV,2005,2,2,0,3
11258217,7/20/17,13:03:00,60625,72,NA,white,male,13178,EVANSTON POLICE,vehicular,Moving Violation: Other,TRUE,FALSE,citation,NA,NA,NA,FALSE,FALSE,FALSE,NA,Moving Violation: Other,TOYT,2015,1,1,6,1
11258358,7/24/17,20:48:00,60201,71,NA,hispanic,male,13178,EVANSTON POLICE,vehicular,Equipment,TRUE,FALSE,citation,NA,NA,NA,FALSE,FALSE,FALSE,NA,Equipment,HOND,1992,4,2,0,1
11258479,7/26/17,23:28:00,60625,72,NA,hispanic,male,13178,EVANSTON POLICE,vehicular,Equipment,TRUE,FALSE,citation,NA,NA,NA,FALSE,FALSE,FALSE,NA,Equipment,FORD,2009,4,2,0,1
11258521,7/28/17,0:49:00,60626,72,NA,black,female,13178,EVANSTON POLICE,vehicular,Equipment,FALSE,TRUE,warning,NA,NA,NA,FALSE,FALSE,FALSE,NA,Equipment,FORD,2003,2,2,0,3
11258614,7/29/17,23:22:00,60428,78,NA,white,male,13178,EVANSTON POLICE,vehicular,Equipment,FALSE,TRUE,warning,NA,NA,NA,FALSE,FALSE,FALSE,NA,Equipment,HYUN,2006,1,2,0,3
11258661,7/31/17,10:05:00,60016,73,NA,white,male,13178,EVANSTON POLICE,vehicular,Moving Violation: Traffic Sign or Signal,FALSE,TRUE,warning,NA,NA,NA,FALSE,FALSE,FALSE,NA,Moving Violation: Traffic Sign or Signal,TOYT,2010,1,1,4,3
11258671,7/31/17,15:31:00,60202,77,NA,black,female,13178,EVANSTON POLICE,vehicular,Moving Violation: Other,TRUE,FALSE,citation,NA,NA,NA,FALSE,FALSE,FALSE,NA,Moving Violation: Other,JEEP,2012,2,1,6,1
11258752,8/2/17,10:38:00,60134,75,NA,white,male,13178,EVANSTON POLICE,vehicular,Moving Violation: Traffic Sign or Signal,TRUE,FALSE,citation,NA,NA,NA,FALSE,FALSE,FALSE,NA,Moving Violation: Traffic Sign or Signal,CHEV,2007,1,1,4,1
11258910,8/6/17,0:42:00,60202,78,NA,black,male,13178,EVANSTON POLICE,vehicular,Moving Violation: Speed,FALSE,TRUE,warning,NA,NA,NA,FALSE,FALSE,FALSE,NA,Moving Violation: Speed,LINC,2003,2,1,1,3
11258942,8/7/17,8:25:00,60201,75,NA,white,female,13178,EVANSTON POLICE,vehicular,Moving Violation: Traffic Sign or Signal,TRUE,FALSE,citation,NA,NA,NA,FALSE,FALSE,FALSE,NA,Moving Violation: Traffic Sign or Signal,BMW,2016,1,1,4,1
11258958,8/7/17,11:57:00,60626,72,NA,black,male,13178,EVANSTON POLICE,vehicular,Moving Violation: Seat Belt,FALSE,TRUE,warning,NA,NA,NA,FALSE,FALSE,FALSE,NA,Moving Violation: Seat Belt,FORD,2010,2,1,3,3
11258988,8/7/17,21:58:00,60076,78,NA,black,male,13178,EVANSTON POLICE,vehicular,Equipment,FALSE,TRUE,warning,NA,NA,NA,FALSE,FALSE,FALSE,NA,Equipment,LEXS,2001,2,2,0,3
11259068,8/9/17,23:43:00,60085,75,NA,black,male,13178,EVANSTON POLICE,vehicular,Equipment,FALSE,TRUE,warning,NA,NA,NA,FALSE,FALSE,FALSE,NA,Equipment,HYUN,2011,2,2,0,3
11259075,8/10/17,2:27:00,60076,77,NA,hispanic,male,13178,EVANSTON POLICE,vehicular,Moving Violation: Traffic Sign or Signal,FALSE,TRUE,warning,NA,NA,NA,FALSE,FALSE,FALSE,NA,Moving Violation: Traffic Sign or Signal,HOND,2016,4,1,4,3
11259090,8/10/17,12:14:00,60076,75,NA,white,female,13178,EVANSTON POLICE,vehicular,Moving Violation: Seat Belt,TRUE,FALSE,citation,NA,NA,NA,FALSE,FALSE,FALSE,NA,Moving Violation: Seat Belt,VOLK,2015,1,1,3,1
11259115,8/11/17,8:25:00,60626,72,NA,white,male,13178,EVANSTON POLICE,vehicular,Moving Violation: Lane Violation,TRUE,FALSE,citation,NA,NA,NA,FALSE,FALSE,FALSE,NA,Moving Violation: Lane Violation,MAZD,2006,1,1,2,1
11259171,8/12/17,11:00:00,60659,73,NA,white,female,13178,EVANSTON POLICE,vehicular,License Plate/Registration,TRUE,FALSE,citation,NA,NA,NA,FALSE,FALSE,FALSE,NA,License Plate/Registration,VOLK,2015,1,3,0,1
11259203,8/13/17,1:02:00,60645,71,NA,black,male,13178,EVANSTON POLICE,vehicular,Equipment,FALSE,TRUE,warning,NA,NA,NA,FALSE,FALSE,FALSE,NA,Equipment,TOYT,2007,2,2,0,3
11259220,8/13/17,16:11:00,60172,77,NA,white,male,13178,EVANSTON POLICE,vehicular,Moving Violation: Traffic Sign or Signal,FALSE,TRUE,warning,NA,NA,NA,FALSE,FALSE,FALSE,NA,Moving Violation: Traffic Sign or Signal,ACUR,2008,1,1,4,3
11259244,8/14/17,7:48:00,48044,76,NA,white,female,13178,EVANSTON POLICE,vehicular,License Plate/Registration,FALSE,TRUE,warning,NA,NA,NA,FALSE,FALSE,FALSE,NA,License Plate/Registration,CSC,2018,1,3,0,3
11259261,8/14/17,15:49:00,78217,76,NA,white,female,13178,EVANSTON POLICE,vehicular,Moving Violation: Traffic Sign or Signal,FALSE,TRUE,warning,NA,NA,NA,FALSE,FALSE,FALSE,NA,Moving Violation: Traffic Sign or Signal,VOLK,2002,1,1,4,3
11259276,8/14/17,18:46:00,60076,78,NA,black,female,13178,EVANSTON POLICE,vehicular,Moving Violation: Other,FALSE,TRUE,warning,NA,NA,NA,FALSE,FALSE,FALSE,NA,Moving Violation: Other,CHEV,1993,2,1,6,3
11259293,8/15/17,8:43:00,60712,73,NA,asian/pacific islander,female,13178,EVANSTON POLICE,vehicular,Moving Violation: Traffic Sign or Signal,TRUE,FALSE,citation,NA,NA,NA,FALSE,FALSE,FALSE,NA,Moving Violation: Traffic Sign or Signal,CHEV,2007,5,1,4,1
11259349,8/17/17,9:23:00,60201,71,NA,white,female,13178,EVANSTON POLICE,vehicular,Moving Violation: Speed,TRUE,FALSE,citation,NA,NA,NA,FALSE,FALSE,FALSE,NA,Moving Violation: Speed,HYUN,2015,1,1,1,1
11259435,8/18/17,17:11:00,60201,75,NA,white,male,13178,EVANSTON POLICE,vehicular,Moving Violation: Other,TRUE,FALSE,citation,NA,NA,NA,FALSE,FALSE,FALSE,NA,Moving Violation: Other,DODG,2011,1,1,6,1
11259541,8/21/17,18:46:00,60619,77,NA,black,male,13178,EVANSTON POLICE,vehicular,License Plate/Registration,FALSE,TRUE,warning,NA,NA,NA,FALSE,FALSE,FALSE,NA,License Plate/Registration,CHRY,2012,2,3,0,3
11259768,8/25/17,22:55:00,60202,78,NA,hispanic,male,13178,EVANSTON POLICE,vehicular,Moving Violation: Seat Belt,TRUE,FALSE,citation,TRUE,FALSE,TRUE,TRUE,TRUE,TRUE,NA,Moving Violation: Seat Belt,LEXS,2000,4,1,3,1
11259769,8/25/17,22:55:00,60626,78,NA,hispanic,male,13178,EVANSTON POLICE,vehicular,Equipment,TRUE,FALSE,citation,TRUE,FALSE,TRUE,TRUE,TRUE,TRUE,NA,Equipment,LEXS,2000,4,2,0,1
11259840,8/29/17,15:03:00,60201,74,NA,white,female,13178,EVANSTON POLICE,vehicular,Moving Violation: Seat Belt,TRUE,FALSE,citation,NA,NA,NA,FALSE,FALSE,FALSE,NA,Moving Violation: Seat Belt,TOYT,2003,1,1,3,1
11259943,8/30/17,16:18:00,60630,74,NA,white,male,13178,EVANSTON POLICE,vehicular,Moving Violation: Seat Belt,TRUE,FALSE,citation,NA,NA,NA,FALSE,FALSE,FALSE,NA,Moving Violation: Seat Belt,HOND,2002,1,1,3,1
11259977,8/31/17,9:41:00,60645,71,NA,white,male,13178,EVANSTON POLICE,vehicular,Moving Violation: Other,TRUE,FALSE,citation,NA,NA,NA,FALSE,FALSE,FALSE,NA,Moving Violation: Other,NISS,2006,1,1,6,1
11259985,8/31/17,13:31:00,60409,74,NA,black,male,13178,EVANSTON POLICE,vehicular,Equipment,FALSE,TRUE,warning,NA,NA,NA,FALSE,FALSE,FALSE,NA,Equipment,HYUN,2012,2,2,0,3
11260004,8/31/17,21:20:00,60201,74,NA,asian/pacific islander,male,13178,EVANSTON POLICE,vehicular,Moving Violation: Lane Violation,FALSE,TRUE,warning,NA,NA,NA,FALSE,FALSE,FALSE,NA,Moving Violation: Lane Violation,FORD,2016,5,1,2,3
11260066,9/2/17,12:55:00,60646,73,NA,white,male,13178,EVANSTON POLICE,vehicular,Moving Violation: Traffic Sign or Signal,FALSE,TRUE,warning,NA,NA,NA,FALSE,FALSE,FALSE,NA,Moving Violation: Traffic Sign or Signal,BMW,2014,1,1,4,3
11260116,9/3/17,21:43:00,60201,74,NA,other,male,13178,EVANSTON POLICE,vehicular,Moving Violation: Lane Violation,FALSE,TRUE,warning,NA,NA,NA,FALSE,FALSE,FALSE,NA,Moving Violation: Lane Violation,TOYT,2015,3,1,2,3
11260185,9/5/17,23:39:00,60202,72,NA,asian/pacific islander,male,13178,EVANSTON POLICE,vehicular,Equipment,FALSE,TRUE,warning,NA,NA,NA,FALSE,FALSE,FALSE,NA,Equipment,MAZD,2006,5,2,0,3
11260225,9/6/17,23:10:00,60626,72,NA,black,female,13178,EVANSTON POLICE,vehicular,Equipment,FALSE,TRUE,warning,NA,NA,NA,FALSE,FALSE,FALSE,NA,Equipment,HYUN,2005,2,2,0,3
11260240,9/7/17,9:19:00,60614,72,NA,black,male,13178,EVANSTON POLICE,vehicular,Moving Violation: Other,TRUE,FALSE,citation,NA,NA,NA,FALSE,FALSE,FALSE,NA,Moving Violation: Other,BMW,1999,2,1,6,1
11260309,9/9/17,23:42:00,60202,77,NA,white,male,13178,EVANSTON POLICE,vehicular,Moving Violation: Lane Violation,FALSE,TRUE,warning,NA,NA,NA,FALSE,FALSE,FALSE,NA,Moving Violation: Lane Violation,PONT,2014,1,1,2,3
11260316,9/10/17,9:06:00,60015,73,NA,white,male,13178,EVANSTON POLICE,vehicular,Moving Violation: Traffic Sign or Signal,FALSE,TRUE,warning,NA,NA,NA,FALSE,FALSE,FALSE,NA,Moving Violation: Traffic Sign or Signal,FORD,2007,1,1,4,3
11260321,9/10/17,16:15:00,60202,74,NA,black,male,13178,EVANSTON POLICE,vehicular,Moving Violation: Other,FALSE,TRUE,warning,NA,NA,NA,FALSE,FALSE,FALSE,NA,Moving Violation: Other,MERZ,2002,2,1,6,3
11260349,9/11/17,19:46:00,60016,77,NA,white,male,13178,EVANSTON POLICE,vehicular,Moving Violation: Lane Violation,TRUE,FALSE,citation,TRUE,TRUE,TRUE,TRUE,TRUE,TRUE,NA,Moving Violation: Lane Violation,HOND,2012,1,1,2,1
11260361,9/12/17,0:29:00,60202,74,NA,black,male,13178,EVANSTON POLICE,vehicular,Moving Violation: Speed,FALSE,TRUE,warning,NA,NA,NA,FALSE,FALSE,FALSE,NA,Moving Violation: Speed,TOYT,1999,2,1,1,3
11260450,9/14/17,12:44:00,60120,74,NA,white,female,13178,EVANSTON POLICE,vehicular,Moving Violation: Traffic Sign or Signal,FALSE,TRUE,warning,NA,NA,NA,FALSE,FALSE,FALSE,NA,Moving Violation: Traffic Sign or Signal,TOYT,2012,1,1,4,3
11260452,9/14/17,12:51:00,60546,71,NA,white,male,13178,EVANSTON POLICE,vehicular,License Plate/Registration,FALSE,TRUE,warning,NA,NA,NA,FALSE,FALSE,FALSE,NA,License Plate/Registration,VOLV,2011,1,3,0,2
11260476,9/15/17,3:00:00,60077,73,NA,white,male,13178,EVANSTON POLICE,vehicular,Moving Violation: Lane Violation,FALSE,TRUE,warning,NA,NA,NA,FALSE,FALSE,FALSE,NA,Moving Violation: Lane Violation,NISS,2015,1,1,2,3
11260480,9/15/17,9:02:00,60201,74,NA,white,female,13178,EVANSTON POLICE,vehicular,Moving Violation: Traffic Sign or Signal,FALSE,TRUE,warning,NA,NA,NA,FALSE,FALSE,FALSE,NA,Moving Violation: Traffic Sign or Signal,TOYT,2014,1,1,4,3
11260614,9/20/17,23:41:00,60016,78,NA,white,male,13178,EVANSTON POLICE,vehicular,Equipment,FALSE,TRUE,warning,NA,NA,NA,FALSE,FALSE,FALSE,NA,Equipment,NISS,2015,1,2,0,3
11260633,9/22/17,7:42:00,60706,75,NA,white,male,13178,EVANSTON POLICE,vehicular,Moving Violation: Other,TRUE,FALSE,citation,NA,NA,NA,FALSE,FALSE,FALSE,NA,Moving Violation: Other,TOYT,2007,1,1,6,1
11260640,9/22/17,10:03:00,60060,74,NA,white,male,13178,EVANSTON POLICE,vehicular,Moving Violation: Traffic Sign or Signal,FALSE,TRUE,warning,NA,NA,NA,FALSE,FALSE,FALSE,NA,Moving Violation: Traffic Sign or Signal,CHRY,2017,1,1,4,2
11260644,9/22/17,10:47:00,80126,73,NA,white,male,13178,EVANSTON POLICE,vehicular,Moving Violation: Traffic Sign or Signal,FALSE,TRUE,warning,NA,NA,NA,FALSE,FALSE,FALSE,NA,Moving Violation: Traffic Sign or Signal,NISS,2017,1,1,4,3
11260696,9/23/17,11:35:00,5428,74,NA,white,female,13178,EVANSTON POLICE,vehicular,Moving Violation: Traffic Sign or Signal,FALSE,TRUE,warning,NA,NA,NA,FALSE,FALSE,FALSE,NA,Moving Violation: Traffic Sign or Signal,SUBA,2015,1,1,4,3
11260889,9/29/17,11:20:00,60201,73,NA,white,female,13178,EVANSTON POLICE,vehicular,Moving Violation: Other,TRUE,FALSE,citation,NA,NA,NA,FALSE,FALSE,FALSE,NA,Moving Violation: Other,DODG,2013,1,1,6,1
11261027,10/3/17,0:46:00,60201,76,NA,white,male,13178,EVANSTON POLICE,vehicular,Moving Violation: Other,FALSE,TRUE,warning,NA,NA,NA,FALSE,FALSE,FALSE,NA,Moving Violation: Other,TOYT,2013,1,1,6,3
11261099,10/4/17,16:08:00,60043,74,NA,white,male,13178,EVANSTON POLICE,vehicular,Moving Violation: Other,TRUE,FALSE,citation,NA,NA,NA,FALSE,FALSE,FALSE,NA,Moving Violation: Other,CADI,2017,1,1,6,1
11261127,10/4/17,23:46:00,60618,77,NA,hispanic,male,13178,EVANSTON POLICE,vehicular,Equipment,FALSE,TRUE,warning,NA,NA,NA,FALSE,FALSE,FALSE,NA,Equipment,JEEP,2002,4,2,0,3
11261135,10/5/17,8:03:00,60091,75,NA,white,male,13178,EVANSTON POLICE,vehicular,Moving Violation: Traffic Sign or Signal,TRUE,FALSE,citation,NA,NA,NA,FALSE,FALSE,FALSE,NA,Moving Violation: Traffic Sign or Signal,TOYT,2012,1,1,4,1
11261154,10/5/17,13:00:00,60645,72,NA,white,male,13178,EVANSTON POLICE,vehicular,Moving Violation: Seat Belt,TRUE,FALSE,citation,NA,NA,NA,FALSE,FALSE,FALSE,NA,Moving Violation: Seat Belt,PONT,2006,1,1,3,1
11261188,10/6/17,9:22:00,60201,74,NA,white,male,13178,EVANSTON POLICE,vehicular,License Plate/Registration,FALSE,TRUE,warning,NA,NA,NA,FALSE,FALSE,FALSE,NA,License Plate/Registration,CHEV,2004,1,3,0,2
11261225,10/7/17,0:15:00,60614,72,NA,asian/pacific islander,male,13178,EVANSTON POLICE,vehicular,Moving Violation: Traffic Sign or Signal,TRUE,FALSE,citation,NA,NA,NA,FALSE,FALSE,FALSE,NA,Moving Violation: Traffic Sign or Signal,MERZ,2014,5,1,4,1
11261233,10/7/17,8:44:00,60615,73,NA,white,male,13178,EVANSTON POLICE,vehicular,Moving Violation: Traffic Sign or Signal,FALSE,TRUE,warning,NA,NA,NA,FALSE,FALSE,FALSE,NA,Moving Violation: Traffic Sign or Signal,TOYT,2013,1,1,4,2
11261380,10/10/17,23:52:00,60201,73,NA,hispanic,male,13178,EVANSTON POLICE,vehicular,Equipment,FALSE,TRUE,warning,NA,NA,NA,FALSE,FALSE,FALSE,NA,Equipment,MERZ,2012,4,2,0,3
11261425,10/11/17,18:52:00,60660,72,NA,white,male,13178,EVANSTON POLICE,vehicular,Moving Violation: Speed,TRUE,FALSE,citation,TRUE,TRUE,TRUE,TRUE,TRUE,FALSE,NA,Moving Violation: Speed,VOLK,2012,1,1,1,1
11261622,10/16/17,21:11:00,60026,74,NA,white,female,13178,EVANSTON POLICE,vehicular,Moving Violation: Other,FALSE,TRUE,warning,NA,NA,NA,FALSE,FALSE,FALSE,NA,Moving Violation: Other,CHRY,2010,1,1,6,3
11261642,10/17/17,9:57:00,60616,72,NA,black,male,13178,EVANSTON POLICE,vehicular,Moving Violation: Speed,TRUE,FALSE,citation,NA,NA,NA,FALSE,FALSE,FALSE,NA,Moving Violation: Speed,CHEV,2017,2,1,1,1
11261699,10/18/17,16:28:00,60202,71,NA,black,male,13178,EVANSTON POLICE,vehicular,Moving Violation: Other,TRUE,FALSE,citation,NA,NA,NA,FALSE,FALSE,FALSE,NA,Moving Violation: Other,CHEV,2001,2,1,6,1
11261732,10/20/17,9:03:00,60202,71,NA,black,male,13178,EVANSTON POLICE,vehicular,License Plate/Registration,FALSE,TRUE,warning,NA,NA,NA,FALSE,FALSE,FALSE,NA,License Plate/Registration,CHEV,2006,2,3,0,3
11261748,10/20/17,17:42:00,60201,74,NA,black,male,13178,EVANSTON POLICE,vehicular,Moving Violation: Lane Violation,TRUE,FALSE,citation,NA,NA,NA,FALSE,FALSE,FALSE,NA,Moving Violation: Lane Violation,TOYT,1998,2,1,2,1
11261755,10/20/17,20:10:00,60645,71,NA,hispanic,male,13178,EVANSTON POLICE,vehicular,Moving Violation: Other,FALSE,TRUE,warning,NA,NA,NA,FALSE,FALSE,FALSE,NA,Moving Violation: Other,CHEV,2000,4,1,6,3
11261838,10/23/17,23:46:00,60062,72,NA,asian/pacific islander,female,13178,EVANSTON POLICE,vehicular,Moving Violation: Traffic Sign or Signal,FALSE,TRUE,warning,NA,NA,NA,FALSE,FALSE,FALSE,NA,Moving Violation: Traffic Sign or Signal,HOND,2017,5,1,4,3
11261856,10/24/17,16:13:00,60202,71,NA,white,male,13178,EVANSTON POLICE,vehicular,Moving Violation: Other,TRUE,FALSE,citation,NA,NA,NA,FALSE,FALSE,FALSE,NA,Moving Violation: Other,FORD,2012,1,1,6,1
11261859,10/24/17,20:26:00,60659,72,NA,asian/pacific islander,male,13178,EVANSTON POLICE,vehicular,Equipment,FALSE,TRUE,warning,NA,NA,NA,FALSE,FALSE,FALSE,NA,Equipment,DODG,2013,5,2,0,3
11261887,10/25/17,8:20:00,60201,72,NA,white,male,13178,EVANSTON POLICE,vehicular,Moving Violation: Other,TRUE,FALSE,citation,NA,NA,NA,FALSE,FALSE,FALSE,NA,Moving Violation: Other,MITS,2006,1,1,6,1
11261929,10/25/17,12:57:00,60431,72,NA,white,male,13178,EVANSTON POLICE,vehicular,Moving Violation: Other,TRUE,FALSE,citation,NA,NA,NA,FALSE,FALSE,FALSE,NA,Moving Violation: Other,FORD,2006,1,1,6,1
11261958,10/25/17,23:15:00,60201,77,NA,white,male,13178,EVANSTON POLICE,vehicular,Equipment,FALSE,TRUE,warning,NA,NA,NA,FALSE,FALSE,FALSE,NA,Equipment,TOYT,1999,1,2,0,3
11262104,10/29/17,10:31:00,60614,73,NA,white,female,13178,EVANSTON POLICE,vehicular,Moving Violation: Traffic Sign or Signal,TRUE,FALSE,citation,NA,NA,NA,FALSE,FALSE,FALSE,NA,Moving Violation: Traffic Sign or Signal,TOYT,2008,1,1,4,1
11262124,10/30/17,2:17:00,60645,78,NA,white,male,13178,EVANSTON POLICE,vehicular,Equipment,FALSE,TRUE,warning,NA,NA,NA,FALSE,FALSE,FALSE,NA,Equipment,HYUN,2017,1,2,0,3
11262167,10/31/17,7:19:00,60612,73,NA,white,female,13178,EVANSTON POLICE,vehicular,Moving Violation: Other,TRUE,FALSE,citation,NA,NA,NA,FALSE,FALSE,FALSE,NA,Moving Violation: Other,BMW,2006,1,1,6,1
11262203,10/31/17,18:15:00,60651,78,NA,black,female,13178,EVANSTON POLICE,vehicular,Moving Violation: Seat Belt,TRUE,FALSE,citation,NA,NA,NA,FALSE,FALSE,FALSE,NA,Moving Violation: Seat Belt,NISS,2016,2,1,3,1
11262243,11/2/17,0:01:00,60659,77,NA,white,male,13178,EVANSTON POLICE,vehicular,Moving Violation: Lane Violation,FALSE,TRUE,warning,NA,NA,NA,FALSE,FALSE,FALSE,NA,Moving Violation: Lane Violation,FORD,2014,1,1,2,3
11262258,11/2/17,17:06:00,60626,71,NA,hispanic,male,13178,EVANSTON POLICE,vehicular,Moving Violation: Other,TRUE,FALSE,citation,NA,NA,NA,FALSE,FALSE,FALSE,NA,Moving Violation: Other,GMC,2008,4,1,6,1
11262277,11/3/17,8:19:00,60056,72,NA,white,male,13178,EVANSTON POLICE,vehicular,Moving Violation: Other,TRUE,FALSE,citation,NA,NA,NA,FALSE,FALSE,FALSE,NA,Moving Violation: Other,TOYT,2014,1,1,6,1
11262279,11/3/17,8:40:00,60613,73,NA,white,female,13178,EVANSTON POLICE,vehicular,Moving Violation: Other,TRUE,FALSE,citation,NA,NA,NA,FALSE,FALSE,FALSE,NA,Moving Violation: Other,CHEV,2006,1,1,6,1
11262300,11/3/17,10:01:00,60076,72,NA,white,female,13178,EVANSTON POLICE,vehicular,Moving Violation: Other,TRUE,FALSE,citation,NA,NA,NA,FALSE,FALSE,FALSE,NA,Moving Violation: Other,MERC,2008,1,1,6,1
11262307,11/3/17,10:29:00,60022,74,NA,white,male,13178,EVANSTON POLICE,vehicular,Moving Violation: Other,TRUE,FALSE,citation,NA,NA,NA,FALSE,FALSE,FALSE,NA,Moving Violation: Other,PORS,2006,1,1,6,1
11262361,11/4/17,17:12:00,60053,73,NA,white,male,13178,EVANSTON POLICE,vehicular,Moving Violation: Traffic Sign or Signal,FALSE,TRUE,warning,NA,NA,NA,FALSE,FALSE,FALSE,NA,Moving Violation: Traffic Sign or Signal,HOND,2002,1,1,4,3
11262467,11/7/17,12:49:00,60623,76,NA,hispanic,male,13178,EVANSTON POLICE,vehicular,Moving Violation: Traffic Sign or Signal,FALSE,TRUE,warning,NA,NA,NA,FALSE,FALSE,FALSE,NA,Moving Violation: Traffic Sign or Signal,DODG,2018,4,1,4,3
11262477,11/7/17,18:00:00,60064,74,NA,black,male,13178,EVANSTON POLICE,vehicular,Moving Violation: Other,TRUE,FALSE,citation,NA,NA,NA,FALSE,FALSE,FALSE,NA,Moving Violation: Other,CHEV,2011,2,1,6,1
11262487,11/7/17,22:50:00,60201,73,NA,white,male,13178,EVANSTON POLICE,vehicular,Moving Violation: Traffic Sign or Signal,FALSE,TRUE,warning,NA,NA,NA,FALSE,FALSE,FALSE,NA,Moving Violation: Traffic Sign or Signal,CHRY,2017,1,1,4,3
11262530,11/9/17,0:02:00,60202,71,NA,black,male,13178,EVANSTON POLICE,vehicular,Equipment,FALSE,TRUE,warning,NA,NA,NA,FALSE,FALSE,FALSE,NA,Equipment,CHEV,2012,2,2,0,3
11262569,11/10/17,15:22:00,60707,78,NA,white,female,13178,EVANSTON POLICE,vehicular,Moving Violation: Other,FALSE,TRUE,warning,NA,NA,NA,FALSE,FALSE,FALSE,NA,Moving Violation: Other,CHRY,2000,1,1,6,3
11262579,11/10/17,18:20:00,48873,77,NA,white,male,13178,EVANSTON POLICE,vehicular,Moving Violation: Traffic Sign or Signal,FALSE,TRUE,warning,NA,NA,NA,FALSE,FALSE,FALSE,NA,Moving Violation: Traffic Sign or Signal,CHEV,2005,1,1,4,3
11262622,11/12/17,18:49:00,60045,77,NA,white,female,13178,EVANSTON POLICE,vehicular,Moving Violation: Lane Violation,FALSE,TRUE,warning,NA,NA,NA,FALSE,FALSE,FALSE,NA,Moving Violation: Lane Violation,INFI,2006,1,1,2,3
11262880,11/17/17,8:50:00,53181,77,NA,white,female,13178,EVANSTON POLICE,vehicular,Moving Violation: Other,TRUE,FALSE,citation,NA,NA,NA,FALSE,FALSE,FALSE,NA,Moving Violation: Other,CHRY,2013,1,1,6,1
11263040,11/20/17,15:26:00,60201,77,NA,asian/pacific islander,male,13178,EVANSTON POLICE,vehicular,Moving Violation: Other,FALSE,TRUE,warning,NA,NA,NA,FALSE,FALSE,FALSE,NA,Moving Violation: Other,BMW,2016,5,1,6,2
11263119,11/21/17,23:42:00,60626,73,NA,white,female,13178,EVANSTON POLICE,vehicular,Equipment,FALSE,TRUE,warning,NA,NA,NA,FALSE,FALSE,FALSE,NA,Equipment,HOND,2012,1,2,0,3
11263191,11/22/17,21:55:00,60077,71,NA,black,male,13178,EVANSTON POLICE,vehicular,Moving Violation: Other,FALSE,TRUE,warning,NA,NA,NA,FALSE,FALSE,FALSE,NA,Moving Violation: Other,DODG,2015,2,1,6,3
11263228,11/24/17,23:26:00,60202,73,NA,white,female,13178,EVANSTON POLICE,vehicular,License Plate/Registration,TRUE,FALSE,citation,NA,NA,NA,FALSE,FALSE,FALSE,NA,License Plate/Registration,MAZD,2015,1,3,0,1
11263229,11/25/17,0:27:00,60099,72,NA,black,male,13178,EVANSTON POLICE,vehicular,Equipment,FALSE,TRUE,warning,NA,NA,NA,FALSE,FALSE,FALSE,NA,Equipment,LINC,1998,2,2,0,3
11263303,11/27/17,8:48:00,60076,74,NA,white,female,13178,EVANSTON POLICE,vehicular,Moving Violation: Traffic Sign or Signal,TRUE,FALSE,citation,NA,NA,NA,FALSE,FALSE,FALSE,NA,Moving Violation: Traffic Sign or Signal,NISS,2016,1,1,4,1
11263327,11/27/17,11:13:00,60202,73,NA,white,female,13178,EVANSTON POLICE,vehicular,Moving Violation: Other,TRUE,FALSE,citation,NA,NA,NA,FALSE,FALSE,FALSE,NA,Moving Violation: Other,HOND,2017,1,1,6,1
11263469,11/29/17,11:11:00,60202,73,NA,white,male,13178,EVANSTON POLICE,vehicular,Moving Violation: Speed,TRUE,FALSE,citation,NA,NA,NA,FALSE,FALSE,FALSE,NA,Moving Violation: Speed,MAZD,2013,1,1,1,1
11263480,11/29/17,13:22:00,85712,73,NA,white,female,13178,EVANSTON POLICE,vehicular,Moving Violation: Traffic Sign or Signal,TRUE,FALSE,citation,NA,NA,NA,FALSE,FALSE,FALSE,NA,Moving Violation: Traffic Sign or Signal,HOND,1997,1,1,4,1
11263506,11/29/17,22:00:00,60202,78,NA,black,male,13178,EVANSTON POLICE,vehicular,Equipment,FALSE,TRUE,warning,NA,NA,NA,FALSE,FALSE,FALSE,NA,Equipment,CHEV,2014,2,2,0,3
11263520,11/30/17,7:40:00,60202,73,NA,white,male,13178,EVANSTON POLICE,vehicular,Moving Violation: Traffic Sign or Signal,FALSE,TRUE,warning,NA,NA,NA,FALSE,FALSE,FALSE,NA,Moving Violation: Traffic Sign or Signal,HOND,2010,1,1,4,3
11263543,11/30/17,13:51:00,60202,73,NA,white,male,13178,EVANSTON POLICE,vehicular,Moving Violation: Other,TRUE,FALSE,citation,NA,NA,NA,FALSE,FALSE,FALSE,NA,Moving Violation: Other,NISS,2006,1,1,6,1
11263562,11/30/17,23:54:00,60640,78,NA,hispanic,male,13178,EVANSTON POLICE,vehicular,Equipment,TRUE,FALSE,citation,FALSE,FALSE,FALSE,TRUE,TRUE,TRUE,NA,Equipment,HOND,2009,4,2,0,1
11263586,12/1/17,15:55:00,60201,74,NA,black,male,13178,EVANSTON POLICE,vehicular,Moving Violation: Traffic Sign or Signal,FALSE,TRUE,warning,FALSE,FALSE,FALSE,TRUE,TRUE,TRUE,NA,Moving Violation: Traffic Sign or Signal,DODG,2005,2,1,4,3
11263621,12/2/17,23:26:00,60626,75,NA,hispanic,female,13178,EVANSTON POLICE,vehicular,License Plate/Registration,FALSE,TRUE,warning,NA,NA,NA,FALSE,FALSE,FALSE,NA,License Plate/Registration,NISS,2004,4,3,0,3
11263626,12/3/17,1:37:00,60706,74,NA,hispanic,male,13178,EVANSTON POLICE,vehicular,Moving Violation: Other,TRUE,FALSE,citation,FALSE,FALSE,FALSE,TRUE,TRUE,TRUE,NA,Moving Violation: Other,TOYT,2007,4,1,6,1
11263701,12/5/17,9:49:00,60201,74,NA,white,male,13178,EVANSTON POLICE,vehicular,Moving Violation: Traffic Sign or Signal,FALSE,TRUE,warning,NA,NA,NA,FALSE,FALSE,FALSE,NA,Moving Violation: Traffic Sign or Signal,HOND,2004,1,1,4,3
11263704,12/5/17,10:04:00,60139,73,NA,white,male,13178,EVANSTON POLICE,vehicular,Moving Violation: Traffic Sign or Signal,FALSE,TRUE,warning,NA,NA,NA,FALSE,FALSE,FALSE,NA,Moving Violation: Traffic Sign or Signal,CHEV,2016,1,1,4,3
11263709,12/5/17,16:00:00,60202,74,NA,white,male,13178,EVANSTON POLICE,vehicular,Moving Violation: Traffic Sign or Signal,TRUE,FALSE,citation,NA,NA,NA,FALSE,FALSE,FALSE,NA,Moving Violation: Traffic Sign or Signal,HOND,2014,1,1,4,1
11263716,12/5/17,17:38:00,60618,78,NA,hispanic,male,13178,EVANSTON POLICE,vehicular,Moving Violation: Other,FALSE,TRUE,warning,NA,NA,NA,FALSE,FALSE,FALSE,NA,Moving Violation: Other,BMW,1996,4,1,6,3
11263730,12/6/17,0:29:00,60645,76,NA,white,male,13178,EVANSTON POLICE,vehicular,Equipment,FALSE,TRUE,warning,NA,NA,NA,FALSE,FALSE,FALSE,NA,Equipment,HOND,2005,1,2,0,3
11263750,12/6/17,17:21:00,60645,74,NA,white,male,13178,EVANSTON POLICE,vehicular,Moving Violation: Traffic Sign or Signal,FALSE,TRUE,warning,NA,NA,NA,FALSE,FALSE,FALSE,NA,Moving Violation: Traffic Sign or Signal,TOYT,2007,1,1,4,3
11263755,12/6/17,21:44:00,60609,73,NA,white,male,13178,EVANSTON POLICE,vehicular,Moving Violation: Lane Violation,FALSE,TRUE,warning,NA,NA,NA,FALSE,FALSE,FALSE,NA,Moving Violation: Lane Violation,NISS,2013,1,1,2,3
11263824,12/8/17,19:57:00,60626,78,NA,white,female,13178,EVANSTON POLICE,vehicular,License Plate/Registration,FALSE,TRUE,warning,NA,NA,NA,FALSE,FALSE,FALSE,NA,License Plate/Registration,LEXS,2003,1,3,0,3
11263841,12/9/17,15:29:00,45244,72,NA,white,female,13178,EVANSTON POLICE,vehicular,Moving Violation: Other,FALSE,TRUE,warning,NA,NA,NA,FALSE,FALSE,FALSE,NA,Moving Violation: Other,TOYT,2008,1,1,6,3
11263847,12/9/17,20:56:00,60645,75,NA,hispanic,male,13178,EVANSTON POLICE,vehicular,Moving Violation: Speed,TRUE,FALSE,citation,NA,NA,NA,FALSE,FALSE,FALSE,NA,Moving Violation: Speed,HOND,2003,4,1,1,1
11263854,12/10/17,0:39:00,60104,71,NA,black,female,13178,EVANSTON POLICE,vehicular,Moving Violation: Other,FALSE,TRUE,warning,NA,NA,NA,FALSE,FALSE,FALSE,NA,Moving Violation: Other,HOND,2008,2,1,6,3
11263855,12/10/17,1:12:00,60067,72,NA,white,male,13178,EVANSTON POLICE,vehicular,Moving Violation: Speed,FALSE,TRUE,warning,NA,NA,NA,FALSE,FALSE,FALSE,NA,Moving Violation: Speed,MAZD,2002,1,1,1,3
11263913,12/11/17,12:11:00,60091,77,NA,white,female,13178,EVANSTON POLICE,vehicular,Moving Violation: Traffic Sign or Signal,TRUE,FALSE,citation,NA,NA,NA,FALSE,FALSE,FALSE,NA,Moving Violation: Traffic Sign or Signal,TOYT,2015,1,1,4,1
11263914,12/11/17,12:23:00,60202,73,NA,black,female,13178,EVANSTON POLICE,vehicular,Moving Violation: Traffic Sign or Signal,TRUE,FALSE,citation,NA,NA,NA,FALSE,FALSE,FALSE,NA,Moving Violation: Traffic Sign or Signal,CHEV,2013,2,1,4,1
11264131,12/17/17,0:37:00,60649,71,NA,black,male,13178,EVANSTON POLICE,vehicular,Equipment,FALSE,TRUE,warning,NA,NA,NA,FALSE,FALSE,FALSE,NA,Equipment,PONT,2007,2,2,0,3
11264138,12/17/17,1:19:00,60649,72,NA,black,female,13178,EVANSTON POLICE,vehicular,Equipment,FALSE,TRUE,warning,NA,NA,NA,FALSE,FALSE,FALSE,NA,Equipment,HYUN,2013,2,2,0,3
11264173,12/18/17,8:55:00,60639,71,NA,hispanic,male,13178,EVANSTON POLICE,vehicular,Moving Violation: Traffic Sign or Signal,TRUE,FALSE,citation,NA,NA,NA,FALSE,FALSE,FALSE,NA,Moving Violation: Traffic Sign or Signal,HOND,2002,4,1,4,1
11264188,12/18/17,17:37:00,60660,73,NA,black,male,13178,EVANSTON POLICE,vehicular,Moving Violation: Traffic Sign or Signal,TRUE,FALSE,citation,NA,NA,NA,FALSE,FALSE,FALSE,NA,Moving Violation: Traffic Sign or Signal,TOYT,2013,2,1,4,1
11264195,12/19/17,0:32:00,60626,78,NA,black,male,13178,EVANSTON POLICE,vehicular,Equipment,FALSE,TRUE,warning,NA,NA,NA,FALSE,FALSE,FALSE,NA,Equipment,AUDI,2011,2,2,0,3
11264231,12/19/17,21:39:00,60202,71,NA,black,male,13178,EVANSTON POLICE,vehicular,Moving Violation: Traffic Sign or Signal,TRUE,FALSE,citation,NA,NA,NA,FALSE,FALSE,FALSE,NA,Moving Violation: Traffic Sign or Signal,TOYT,2007,2,1,4,1
11264277,12/20/17,19:51:00,60202,78,NA,hispanic,female,13178,EVANSTON POLICE,vehicular,Equipment,FALSE,TRUE,warning,NA,NA,NA,FALSE,FALSE,FALSE,NA,Equipment,HOND,2009,4,2,0,3
11264279,12/20/17,20:14:00,60657,73,NA,white,female,13178,EVANSTON POLICE,vehicular,Moving Violation: Traffic Sign or Signal,FALSE,TRUE,warning,NA,NA,NA,FALSE,FALSE,FALSE,NA,Moving Violation: Traffic Sign or Signal,TOYT,2014,1,1,4,3
11264334,12/21/17,10:14:00,60077,72,NA,white,female,13178,EVANSTON POLICE,vehicular,Moving Violation: Speed,TRUE,FALSE,citation,NA,NA,NA,FALSE,FALSE,FALSE,NA,Moving Violation: Speed,NISS,2014,1,1,1,1
11264369,12/22/17,8:20:00,60645,71,NA,hispanic,male,13178,EVANSTON POLICE,vehicular,Moving Violation: Traffic Sign or Signal,TRUE,FALSE,citation,NA,NA,NA,FALSE,FALSE,FALSE,NA,Moving Violation: Traffic Sign or Signal,NISS,2007,4,1,4,1
11264447,12/23/17,14:07:00,76502,73,NA,asian/pacific islander,male,13178,EVANSTON POLICE,vehicular,Moving Violation: Other,TRUE,FALSE,citation,NA,NA,NA,FALSE,FALSE,FALSE,NA,Moving Violation: Other,CHEV,2008,5,1,6,1
11264471,12/26/17,18:00:00,60077,76,NA,white,male,13178,EVANSTON POLICE,vehicular,Equipment,FALSE,TRUE,warning,NA,NA,NA,FALSE,FALSE,FALSE,NA,Equipment,SBUS,2010,1,2,0,3